<xml>
	<!-- decorators appear on every card. They are the suit and rank in the corners. -->
	<decorator type="letter" x="-1.05" y="1.42" z="0" flip="0" scale="1.25"/>
	<decorator type="suit" x="-1.05" y="1.03" z="0" flip="0" scale="0.4"/>
	<decorator type="suit" x="1.05" y="-1.03" z="0" flip="1" scale="0.4"/>
	<decorator type="letter" x="1.05" y="-1.42" z="0" flip="1" scale="1.25"/>
	<!-- A list of all cards that defines where pips are placed. -->
	<card rank="1">
		<pip x="0" y="0" z="0" flip="0" scale="2"/>
	</card>
	<card rank="2">
		<pip x="0" y="1.1" z="0" flip="0"/>
		<pip x="0" y="-1.1" z="0" flip="1"/>
	</card>
	<card rank="3">
		<pip x="0" y="1.1" z="0" flip="0"/>
		<pip x="0" y="0" z="0" flip="0"/>
		<pip x="0" y="-1.1" z="0" flip="1"/>
	</card>
	<card rank="4">
		<pip x="-.55" y="1.1" z="0" flip="0"/>
		<pip x=".55" y="1.1" z="0" flip="0"/>
		<pip x="-.55" y="-1.1" z="0" flip="1"/>
		<pip x=".55" y="-1.1" z="0" flip="1"/>
	</card>
	<card rank="5">
		<pip x="-.55" y="1.1" z="0" flip="0"/>
		<pip x=".55" y="1.1" z="0" flip="0"/>
		<pip x="0" y="0" z="0" flip="0"/>
		<pip x="-.55" y="-1.1" z="0" flip="1"/>
		<pip x=".55" y="-1.1" z="0" flip="1"/>
	</card>
	<card rank="6">
		<pip x="-.55" y="1.1" z="0" flip="0"/>
		<pip x=".55" y="1.1" z="0" flip="0"/>
		<pip x="-.55" y="0" z="0" flip="0"/>
		<pip x=".55" y="0" z="0" flip="0"/>
		<pip x="-.55" y="-1.1" z="0" flip="1"/>
		<pip x=".55" y="-1.1" z="0" flip="1"/>
	</card>
	<card rank="7">
		<pip x="-.55" y="1.1" z="0" flip="0"/>
		<pip x=".55" y="1.1" z="0" flip="0"/>
		<pip x="0" y=".55" z="0" flip="0"/>
		<pip x="-.55" y="0" z="0" flip="0"/>
		<pip x=".55" y="0" z="0" flip="0"/>
		<pip x="-.55" y="-1.1" z="0" flip="1"/>
		<pip x=".55" y="-1.1" z="0" flip="1"/>
	</card>
	<card rank="8">
		<pip x="-.55" y="1.1" z="0" flip="0"/>
		<pip x=".55" y="1.1" z="0" flip="0"/>
		<pip x="0" y=".55" z="0" flip="0"/>
		<pip x="-.55" y="0" z="0" flip="0"/>
		<pip x=".55" y="0" z="0" flip="0"/>
		<pip x="0" y="-.55" z="0" flip="1"/>
		<pip x="-.55" y="-1.1" z="0" flip="1"/>
		<pip x=".55" y="-1.1" z="0" flip="1"/>
	</card>
	<card rank="9">
		<pip x="-.58" y="1.1" z="0" flip="0"/>
		<pip x=".58" y="1.1" z="0" flip="0"/>
		<pip x="-.58" y=".37" z="0" flip="0"/>
		<pip x=".58" y=".37" z="0" flip="0"/>
		<pip x="0" y="0" z="0" flip="0"/>
		<pip x="-.58" y="-.37" z="0" flip="1"/>
		<pip x=".58" y="-.37" z="0" flip="1"/>
		<pip x="-.58" y="-1.1" z="0" flip="1"/>
		<pip x=".58" y="-1.1" z="0" flip="1"/>
	</card>
	<card rank="10">
		<pip x="-.58" y="1.1" z="0" flip="0"/>
		<pip x=".58" y="1.1" z="0" flip="0"/>
		<pip x="0" y=".73" z="0" flip="0"/>
		<pip x="-.58" y=".37" z="0" flip="0"/>
		<pip x=".58" y=".37" z="0" flip="0"/>
		<pip x="-.58" y="-.37" z="0" flip="1"/>
		<pip x=".58" y="-.37" z="0" flip="1"/>
		<pip x="0" y="-.73" z="0" flip="1"/>
		<pip x="-.58" y="-1.1" z="0" flip="1"/>
		<pip x=".58" y="-1.1" z="0" flip="1"/>
	</card>
	<!-- Face cards have no pips, so this references the name of the Sprite to be shown. -->
	<card rank="11" face="FaceCard_11"/>
	<card rank="12" face="FaceCard_12"/>
	<card rank="13" face="FaceCard_13"/>
	<card rank="14" face="FaceCard_14"/>
	<card rank="15" face="FaceCard_15"/>
</xml>